1,"Indian Institute of Technology, Madras",/web/20180302103117/http://www.htcampus.com:80/college/indian-institute-technology-chennai/
1,Indian Institute of Technology Bombay (IIT Bombay),/web/20180302103117/http://www.htcampus.com:80/college/indian-institute-technology-bombay/
1,Indian Institute of Technology Kharagpur (IIT Kharagpur),/web/20180302103117/http://www.htcampus.com:80/college/indian-institute-technology-kharagpur/
1," Indian Institute of Technology, Delhi (IITD)",/web/20180302103117/http://www.htcampus.com:80/college/indian-institute-technology/
1, Indian Institute of Technology Kanpur (IIT Kanpur),/web/20180302103117/http://www.htcampus.com:80/college/indian-institute-technology-kanpur/
1," Birla Institute of Technology and Science, Pilani",/web/20180302103117/http://www.htcampus.com:80/college/birla-institute-technology-and-science/
1," Indian Institute of Technology, Roorkee IITR",/web/20180302103117/http://www.htcampus.com:80/college/indian-institute-technology-roorkee/
1," Indian Institute of Technology, Hyderabad",/web/20180302103117/http://www.htcampus.com:80/college/indian-institute-technology-hyderabad/
1," Indian Institute of Technology, Gandhinagar",/web/20180302103117/http://www.htcampus.com:80/college/indian-institute-technology-gandhinagar/
1," Indian Institute of Technology, Ropar",/web/20180302103117/http://www.htcampus.com:80/college/indian-institute-technology-punjab/
1," Delhi Technological University, Delhi",/web/20180302103117/http://www.htcampus.com:80/college/delhi-college-engg/
1," Indian Institute of Technology, Patna",/web/20180302103117/http://www.htcampus.com:80/college/indian-institute-technology-patna/
1," Indian Institute of Technology, Guwahati",/web/20180302103117/http://www.htcampus.com:80/college/indian-institute-technology-guwahati/
1," Indian Institute of Technology (Indian School of Mines), Dhanbad",/web/20180302103117/http://www.htcampus.com:80/college/indian-school-mines/
1," National Institute of Technology, Tiruchirappalli",/web/20180302103117/http://www.htcampus.com:80/college/national-institute-technologytiruchirappalli/
1," National Institute of Technology, Surathkal",/web/20180302103117/http://www.htcampus.com:80/college/national-institute-technology-karnataka-surathkal/
1, Vellore Institute of Technology,/web/20180302103117/http://www.htcampus.com:80/college/vellore-institute-technology/
1, Indian Institute of Technology (IIT-BHU) Varanasi,/web/20180302103117/http://www.htcampus.com:80/college/institute-technology-banaras-hindu-university/
1, Sardar Vallabhbhai National Institute of Technology,/web/20180302103117/http://www.htcampus.com:80/college/sardar-vallabhbhai-national-institute-technology/
1," International Institute of Information Technology, Hyderabad",/web/20180302103117/http://www.htcampus.com:80/college/international-institute-information-technology-hyderabad/
1," Indian Institute of Technology, Indore",/web/20180302103117/http://www.htcampus.com:80/college/indian-institute-technology-indore-indore/
1," Birla Institute of Technology, Mesra",/web/20180302103117/http://www.htcampus.com:80/college/birla-institute-technology/
1," Visvesvaraya National Institute of Technology , Nagpur ",/web/20180302103117/http://www.htcampus.com:80/college/visvesvaraya-national-institute-technology/
1," National Institute of Technology, Rourkela",/web/20180302103117/http://www.htcampus.com:80/college/national-institute-technology-rourkela/
1," Indian Institute of Engineering Science and Technology, Shibpur",/web/20180302103117/http://www.htcampus.com:80/college/bengal-engineering-and-science-university/
1," Indian Institute of Technology, Mandi",/web/20180302103117/http://www.htcampus.com:80/college/indian-institute-technology-mandi/
1," Government College of Engineering, Pune",/web/20180302103117/http://www.htcampus.com:80/college/government-college-engineering/
1," College of Engineering, Pune",/web/20180302103117/http://www.htcampus.com:80/college/college-engineering/
1," National Institute of Technology, Karnataka",/web/20180302103117/http://www.htcampus.com:80/college/national-institute-technology-karnataka/
1," Motilal Nehru National Institute of Technology, Allahabad",/web/20180302103117/http://www.htcampus.com:80/college/motilal-nehru-national-institute-technology/
2,"Indian Institute of Technology, Madras",/web/20171102154923/http://www.htcampus.com/college/indian-institute-technology-chennai/
2,"Indian Institute of Technology, Bombay",/web/20171102154923/http://www.htcampus.com/college/indian-institute-technology-bombay/
2,"Indian Institute of Technology, Kharagpur",/web/20171102154923/http://www.htcampus.com/college/indian-institute-technology-kharagpur/
2," Indian Institute of Technology, Delhi",/web/20171102154923/http://www.htcampus.com/college/indian-institute-technology/
2," Indian Institute of Technology, Kanpur",/web/20171102154923/http://www.htcampus.com/college/indian-institute-technology-kanpur/
2," Birla Institute of Technology and Science, Pilani",/web/20171102154923/http://www.htcampus.com/college/birla-institute-technology-and-science/
2," Indian Institute of Technology, Roorkee IITR",/web/20171102154923/http://www.htcampus.com/college/indian-institute-technology-roorkee/
2," Indian Institute of Technology, Hyderabad",/web/20171102154923/http://www.htcampus.com/college/indian-institute-technology-hyderabad/
2," Indian Institute of Technology, Gandhinagar",/web/20171102154923/http://www.htcampus.com/college/indian-institute-technology-gandhinagar/
2," Indian Institute of Technology, Ropar",/web/20171102154923/http://www.htcampus.com/college/indian-institute-technology-punjab/
2," Delhi Technological University, Delhi",/web/20171102154923/http://www.htcampus.com/college/delhi-college-engg/
2," Indian Institute of Technology, Patna",/web/20171102154923/http://www.htcampus.com/college/indian-institute-technology-patna/
2," Indian Institute of Technology, Guwahati",/web/20171102154923/http://www.htcampus.com/college/indian-institute-technology-guwahati/
2," Indian Institute of Technology (Indian School of Mines), Dhanbad",/web/20171102154923/http://www.htcampus.com/college/indian-school-mines/
2," National Institute of Technology, Tiruchirappalli",/web/20171102154923/http://www.htcampus.com/college/national-institute-technologytiruchirappalli/
2," National Institute of Technology, Surathkal",/web/20171102154923/http://www.htcampus.com/college/national-institute-technology-karnataka-surathkal/
2, Vellore Institute of Technology,/web/20171102154923/http://www.htcampus.com/college/vellore-institute-technology/
2, Indian Institute of Technology (IIT-BHU) Varanasi,/web/20171102154923/http://www.htcampus.com/college/institute-technology-banaras-hindu-university/
2, Sardar Vallabhbhai National Institute of Technology,/web/20171102154923/http://www.htcampus.com/college/sardar-vallabhbhai-national-institute-technology/
2," International Institute of Information Technology, Hyderabad",/web/20171102154923/http://www.htcampus.com/college/international-institute-information-technology-hyderabad/
2," Indian Institute of Technology, Indore",/web/20171102154923/http://www.htcampus.com/college/indian-institute-technology-indore-indore/
2," Birla Institute of Technology, Mesra",/web/20171102154923/http://www.htcampus.com/college/birla-institute-technology/
2," Visvesvaraya National Institute of Technology , Nagpur ",/web/20171102154923/http://www.htcampus.com/college/visvesvaraya-national-institute-technology/
2," National Institute of Technology, Rourkela",/web/20171102154923/http://www.htcampus.com/college/national-institute-technology-rourkela/
2," Indian Institute of Engineering Science and Technology, Shibpur",/web/20171102154923/http://www.htcampus.com/college/bengal-engineering-and-science-university/
2," Indian Institute of Technology, Mandi",/web/20171102154923/http://www.htcampus.com/college/indian-institute-technology-mandi/
2," Government College of Engineering, Pune",/web/20171102154923/http://www.htcampus.com/college/government-college-engineering/
2," College of Engineering, Pune",/web/20171102154923/http://www.htcampus.com/college/college-engineering/
2," National Institute of Technology, Karnataka",/web/20171102154923/http://www.htcampus.com/college/national-institute-technology-karnataka/
2," Motilal Nehru National Institute of Technology, Allahabad",/web/20171102154923/http://www.htcampus.com/college/motilal-nehru-national-institute-technology/
3," PSG College of Technology, Coimbatore",/web/20171229211257/http://www.htcampus.com/college/psg-college-technology/
3," Indian Institute of Information Technology, Allahabad ",/web/20171229211257/http://www.htcampus.com/college/indian-institute-information-technology-allahabad/
3," Indian Institute of Technology, Jodhpur",/web/20171229211257/http://www.htcampus.com/college/indian-institute-technology-jodhpur/
3," Indian Institute of Technology, Bhubaneswar",/web/20171229211257/http://www.htcampus.com/college/indian-institute-technology-bhubaneswar/
3," Thapar University, Patiala ",/web/20171229211257/http://www.htcampus.com/college/thapar-university-patiala/
3," National Institute of Technology, Warangal",/web/20171229211257/http://www.htcampus.com/college/national-institute-technologywarangal/
3, PEC University of technology,/web/20171229211257/http://www.htcampus.com/college/punjab-engineering-college/
3, Thiagarajar College of Engineering,/web/20171229211257/http://www.htcampus.com/college/thiagarajar-college-engineering/
3," National Institute of Technology, Durgapur",/web/20171229211257/http://www.htcampus.com/college/national-institute-technology-durgapur/
3," Shri Govindram Seksaria Institute of Technology and Science, Indore",/web/20171229211257/http://www.htcampus.com/college/shri-govindram-seksaria-institute-technology-and-science-indore/
3, Shanmugha Arts Science Technology Research Academy,/web/20171229211257/http://www.htcampus.com/college/shanmugha-arts-science-technology-research-academy/
3, Amrita School of Engineering,/web/20171229211257/http://www.htcampus.com/college/amrita-school-engineering/
3," Amrita School of Engineering, Amritapuri Campus, Amrita Vishwa Vidyapeetham University",/web/20171229211257/http://www.htcampus.com/college/amrita-school-engineering-amritapuri-campus-amrita-vishwa-vidyapeetham-university/
3," Kalinga Institute of Industrial Technology, Odisha",/web/20171229211257/http://www.htcampus.com/college/kalinga-institute-industrial-technology-odisha/
3, M.S Ramaiah Institute of Technology,/web/20171229211257/http://www.htcampus.com/college/m-s-ramaiah-institute-technology-bangalore/
3, Maulana Azad National Institute of Technology,/web/20171229211257/http://www.htcampus.com/college/maulana-azad-national-institute-technology-bhopal/
3, Coimbatore Institute of Technology,/web/20171229211257/http://www.htcampus.com/college/coimbatore-institute-technology/
3," National Institute of Technology, Calicut",/web/20171229211257/http://www.htcampus.com/college/national-institute-technologycalicut/
3, R.V. College of Engineering,/web/20171229211257/http://www.htcampus.com/college/rv-college-engineering/
3," Madras Institute of Technology, Anna Univesity",/web/20171229211257/http://www.htcampus.com/college/madras-institute-technology-anna-univesity/
3," Malaviya National Institute of Technology,Jaipur",/web/20171229211257/http://www.htcampus.com/college/malaviya-national-institute-technology-jaipur/
3," Department of Computer Science Engineering, PEC University of Technology",/web/20171229211257/http://www.htcampus.com/college/department-computer-science-engineering-pec-university-technology/
3, Manipal Institute of Technology,/web/20171229211257/http://www.htcampus.com/college/manipal-institute-technology/
3," Faculty of Engineering and Technology, Jamia Millia Islamia",/web/20171229211257/http://www.htcampus.com/college/jamia-millia-islamia/
3, Government Model Engineering College,/web/20171229211257/http://www.htcampus.com/college/model-engineering-college/
3, JNTUH College of Engineering Hyderabad,/web/20171229211257/http://www.htcampus.com/college/jntuh-college-engineering-hyderabad/
3, Dr. B. R. Ambedkar National Institute of Technology,/web/20171229211257/http://www.htcampus.com/college/dr-b-r-ambedkar-national-institute-technology/
3, Nirma Univeristy Institute of Technology,/web/20171229211257/http://www.htcampus.com/college/nirma-university-science-and-technology-ahmedabad/
3, B.M.S. College of Engineering,/web/20171229211257/http://www.htcampus.com/college/bms-college-engineering/
3," Kongu Engineering College, Perundurai",/web/20171229211257/http://www.htcampus.com/college/kongu-engineering-collegeperundurai/
4, SSN College of Engineering,/web/20180109052246/http://www.htcampus.com/college/ssn-college-engineering/
4, Sona College of Technology,/web/20180109052246/http://www.htcampus.com/college/sona-college-technology/
4," National Institute of Technology, Kurukshetra",/web/20180109052246/http://www.htcampus.com/college/national-institute-technology-kurukshetra/
4, Harcourt Butler Technological Institute,/web/20180109052246/http://www.htcampus.com/college/harcourt-butler-technological-institute/
4," Symbiosis Institute of Technology, Pune",/web/20180109052246/http://www.htcampus.com/college/symbiosis-institute-technology-pune/
4, PES Institute of Technology,/web/20180109052246/http://www.htcampus.com/college/peoples-education-society-institute-technology/
4," School of Engineering and Technology, Sharda University",/web/20180109052246/http://www.htcampus.com/college/school-engineering-and-technology-sharda-university/
4, Pondicherry Engineering College,/web/20180109052246/http://www.htcampus.com/college/pondicherry-engineering-college/
4, P.E.S. Institute of Technology and Management,/web/20180109052246/http://www.htcampus.com/college/pes-institute-technology/
4, University Institute of Chemical Technology,/web/20180109052246/http://www.htcampus.com/college/university-institute-chemical-technology/
4," Amrita School of Arts & Sciences, Amritapuri Campus, Amrita Vishwa Vidyapeetham University",/web/20180109052246/http://www.htcampus.com/college/amrita-school-arts-sciences-amritapuri-campus-amrita-vishwa-vidyapeetham-university/
4," National Institute of Technology, Hamirpur",/web/20180109052246/http://www.htcampus.com/college/national-institute-technology-hamirpur/
4, Dhirubhai Ambani Institute of Information and Communication Technology,/web/20180109052246/http://www.htcampus.com/college/dhirubhai-ambani-institute-infomation-and-communication-technology-copy/
4," National Institute of Technology, Agartala",/web/20180109052246/http://www.htcampus.com/college/national-institute-technology-agartala/
4, Osmania University College of Engineering,/web/20180109052246/http://www.htcampus.com/college/osmania-university-college-engineeringh/
4, Zakir Hussain College of Engineering & Technology,/web/20180109052246/http://www.htcampus.com/college/zakir-hussain-college-engineering-and-technology/
4, Walchand College of Engineering,/web/20180109052246/http://www.htcampus.com/college/walchand-college-engineering/
4, Kumaraguru College of Technology,/web/20180109052246/http://www.htcampus.com/college/kumaraguru-college-technology/
4," Department of Computer Sciences and Engineering, B.S Abdur Rahman University",/web/20180109052246/http://www.htcampus.com/college/department-computer-sciences-and-engineering-bs-abdur-rahman-university/
4, Muffakham Jah College Of Engineering and Technology,/web/20180109052246/http://www.htcampus.com/college/muffakham-jah-college-engg-technology-hyderabad/
4, S.J. College of Engineering & Technology,/web/20180109052246/http://www.htcampus.com/college/sj-college-engineering-technology/
4," School of Engineering, Cochin University of Science and Technology",/web/20180109052246/http://www.htcampus.com/college/school-engineering-cochin-university-science-and-technology/
4," Department of Computer Science and Engineering, Sliet Longowal",/web/20180109052246/http://www.htcampus.com/college/department-computer-science-and-engineering-sliet-longowal/
4," Jawaharlal Nehru National College of Engineering, Shimoga",/web/20180109052246/http://www.htcampus.com/college/jawaharlal-nehru-national-college-engineering-jnnce/
4, Laxminarayan Institute of Technology,/web/20180109052246/http://www.htcampus.com/college/laxminarayan-institute-technology-nagpur/
4," National Institute of Technology (NIT), Meghalaya",/web/20180109052246/http://www.htcampus.com/college/national-institute-technology-nit-meghalaya/
4," School of Engineering and Technology, ITM University",/web/20180109052246/http://www.htcampus.com/college/school-engineering-and-technology-itm-university/
4, Sreenidhi Institute of Science And Technology,/web/20180109052246/http://www.htcampus.com/college/sreenidhi-institute-science-and-technology/
4," Department of Computer Science and Engineering, K.L. University",/web/20180109052246/http://www.htcampus.com/college/department-computer-science-and-engineering-kl-university/
4, Jaypee Institute of Information Technology,/web/20180109052246/http://www.htcampus.com/college/jaypee-institute-information-technology/
5," Jawaharlal Nehru Technological University, Kakinada",/web/20180109053756/http://www.htcampus.com/college/jawaharlal-nehru-technological-university-kakinada/
5," Bharati Vidyapeeth University College of Engineering, Pune",/web/20180109053756/http://www.htcampus.com/college/bharati-vidyapeeth-university-college-engineering/
5," Birsa Institute of Technology, Sindri",/web/20180109053756/http://www.htcampus.com/college/birsa-institute-technology-sindri/
5, Bannari Amman Institute of Technology,/web/20180109053756/http://www.htcampus.com/college/bannari-amman-institute-technology/
5, Bangalore Institute of Technology,/web/20180109053756/http://www.htcampus.com/college/bangalore-institute-technology/
5," National Institute of Technology, Raipur",/web/20180109053756/http://www.htcampus.com/college/national-institute-technology-raipur/
5, Rajagiri School of Engineering and Technology,/web/20180109053756/http://www.htcampus.com/college/rajagiri-school-engineering-and-technology/
5, SCMS School of Engineering and Technology,/web/20180109053756/http://www.htcampus.com/college/scms-school-engineering-and-technology/
5," International Institute of Information Technology, Bangalore",/web/20180109053756/http://www.htcampus.com/college/international-institute-information-technologybanglore/
5, Vishwakarma Institute of Technology,/web/20180109053756/http://www.htcampus.com/college/vishwakarma-institute-technology-pune/
5," National Institute of Technology, Silchar",/web/20180109053756/http://www.htcampus.com/college/national-institute-technology-silchar/
5," Lakshmi Narain College of Technology & Science, Bhopal",/web/20180109053756/http://www.htcampus.com/college/lakshmi-narain-college-technology-science-bhopal/
5," Department of Software Engineering, Noorul Islam University",/web/20180109053756/http://www.htcampus.com/college/department-software-engineering/
5," National Institute of Technology, Srinagar",/web/20180109053756/http://www.htcampus.com/college/national-institute-technology-srinagar/
5, Technological Institute of Textile & Sciences,/web/20180109053756/http://www.htcampus.com/college/technological-institute-textile-sciences/
5," Department of Chemical Technology, North Maharashtra University",/web/20180109053756/http://www.htcampus.com/college/dept-chemical-tech/
5," Indraprastha Institute of Information Technology, Delhi",/web/20180109053756/http://www.htcampus.com/college/indraprastha-institute-information-technology-delhi/
5, Cummins College of Engineering for Women,/web/20180109053756/http://www.htcampus.com/college/cummins-college-engineering-women/
5, National Institute of Science and Technology,/web/20180109053756/http://www.htcampus.com/college/national-institute-science-and-technology/
5, Siddaganga Institute Of Technology,/web/20180109053756/http://www.htcampus.com/college/siddaganga-institute-technology/
5, Sardar Patel College of Engineering,/web/20180109053756/http://www.htcampus.com/college/sardar-patel-college-engineering/
5, Chaitanya Bharathi Institute of Technology,/web/20180109053756/http://www.htcampus.com/college/chaitanya-bharathi-institute-technology/
5, Guru Nanak Dev Engineering College,/web/20180109053756/http://www.htcampus.com/college/guru-nanak-dev-engineering-college/
5, IMS Engineering College,/web/20180109053756/http://www.htcampus.com/college/ims-engineering-college/
5, Sir M. Visvesvaraya Institute of Technology Bangalore  ,/web/20180109053756/http://www.htcampus.com/college/sir-m-visvesvaraya-institute-technology-bangalore/
5, University Institute of Engineering & Technology,/web/20180109053756/http://www.htcampus.com/college/university-institute-engineering-technology/
5, D. Y. Patil College of Engineering,/web/20180109053756/http://www.htcampus.com/college/dy-patil-college-engineering/
5, Maharashtra Institute of Technology (MIT),/web/20180109053756/http://www.htcampus.com/college/maharashtra-institute-technologypune/
5, Jaipur Engineering College & Research Centre,/web/20180109053756/http://www.htcampus.com/college/jaipur-engineering-college-research-centre/
5, C.V. Raman College of Engineering,/web/20180109053756/http://www.htcampus.com/college/cv-raman-colleage-engineering/
6, Rajarambapu Institute of Technology,/web/20180109055305/http://www.htcampus.com/college/rajarambapu-institute-technology/
6, S.V.U.College Of Engineering,/web/20180109055305/http://www.htcampus.com/college/svu-college-engineering/
6," International Institute of Information Technology, Pune",/web/20180109055305/http://www.htcampus.com/college/international-institute-information-technology/
6," Amity School of Engineering and Technology, Noida",/web/20180109055305/http://www.htcampus.com/college/amity-school-engineering-technology/
6, JIS College Of Engineering,/web/20180109055305/http://www.htcampus.com/college/jis-college-engineering/
6," University Visvesvaraya College of Engineering, Bangalore",/web/20180109055305/http://www.htcampus.com/college/university-visvesvaraya-college-engineering/
6," National Institute of Technology, Goa",/web/20180109055305/http://www.htcampus.com/college/national-institute-technology-goa/
6, Sri Sai ram Engineering College,/web/20180109055305/http://www.htcampus.com/college/sri-sai-ram-engineering-college/
6, Vasavi College of Engineering,/web/20180109055305/http://www.htcampus.com/college/vasavi-college-engineering/
6, Army Institute of Technology,/web/20180109055305/http://www.htcampus.com/college/army-institute-technology/
6," Indian Institute of Information Technology, Design and Manufacturing (IIITDM) Jabalpur",/web/20180109055305/http://www.htcampus.com/college/indian-institute-information-technology-design-and-manufacturing-iiitdm-jabalpur/
6," National Institute of Technology, Jamshedpur",/web/20180109055305/http://www.htcampus.com/college/national-institute-technology-jamshedpur/
6," Institute of Engineering & Management, Kolkata",/web/20180109055305/http://www.htcampus.com/college/institute-engineering-management-kolkata/
6," P.E.S. College of Engineering, Mandya",/web/20180109055305/http://www.htcampus.com/college/pescollege-engineering/
6, K.L. College of Engineering Veddeswaram,/web/20180109055305/http://www.htcampus.com/college/kl-college-engineering-veddeswaram/
6, JB Institute of Technology,/web/20180109055305/http://www.htcampus.com/college/jb-institute-technology/
6, Asia Pacific Institute Of Information Technology,/web/20180109055305/http://www.htcampus.com/college/asia-pacific-institute-information-technology/
6, Sikkim Manipal Institute of Technology,/web/20180109055305/http://www.htcampus.com/college/sikkim-manipal-institute-technology/
6, Centurion Institute of Technology,/web/20180109055305/http://www.htcampus.com/college/centurion-institute-technology/
6, Chandigarh College of Engineering & Technology,/web/20180109055305/http://www.htcampus.com/college/chandigarh-college-engineering-technology/
6," College of Technology & Engineering, Udaipur",/web/20180109055305/http://www.htcampus.com/college/college-technology-and-engineeringudaipur/
6, B.S. Abdur Rahman Crescent Engineering College,/web/20180109055305/http://www.htcampus.com/college/b-s-abdur-rahman-crescent-engineering-college/
6, Veermata Jijabai Technological Institute,/web/20180109055305/http://www.htcampus.com/college/veermata-jijabai-technological-institute/
6," Madhav Institute of Technology and Science, Gwalior",/web/20180109055305/http://www.htcampus.com/college/madhav-institute-technology-and-science-gwalior/
6," K.K. Wagh Education Society's Institute of Engineering, Education and Research",/web/20180109055305/http://www.htcampus.com/college/kk-wagh-education-societys-institute-engineering/
6, Maharaja Agrasen Institute of Technology,/web/20180109055305/http://www.htcampus.com/college/maharaja-agrasen-institute-technology/
6, S.A. Engineering College,/web/20180109055305/http://www.htcampus.com/college/s-engineering-college/
6, Shri Ramdeobaba Kamla Nehru Engineering College,/web/20180109055305/http://www.htcampus.com/college/shri-ramdeobaba-kamla-nehru-engineering-college-nagpurg/
6, Easwari Engineering College,/web/20180109055305/http://www.htcampus.com/college/easwari-engineering-college/
6," Rungta College of Engineering and Technology, Raipur",/web/20180109055305/http://www.htcampus.com/college/r-s-r-rungta-college-engineering-technology-raipur/
7, Dayananda Sagar College of Engineering,/web/20180109060816/http://www.htcampus.com/college/dayananda-sagar-college-engineering/
7, Kuppam Engineering College,/web/20180109060816/http://www.htcampus.com/college/kuppam-engineering-college/
7," National Institute of Technology, Patna",/web/20180109060816/http://www.htcampus.com/college/national-institute-technology-patna/
7, B.R.A.C.T's Vishwakarma Institute of Information Technology,/web/20180109060816/http://www.htcampus.com/college/brcts-vishwakarma-institute-information-technology/
7, Vignan Institute of Technology & Science,/web/20180109060816/http://www.htcampus.com/college/vignan-institute-technology-science/
7," University Institute of Engineering, Chandigarh University",/web/20180109060816/http://www.htcampus.com/college/university-institute-engineering-chandigarh-university/
7, Mepco Schlenk Engineering College,/web/20180109060816/http://www.htcampus.com/college/mepco-schlenk-engineering-collegesivakasi/
7, CVR College of Engineering,/web/20180109060816/http://www.htcampus.com/college/cvr-college-engineering/
7, MVJ College of Engineering,/web/20180109060816/http://www.htcampus.com/college/mvj-college-engineering/
7, Shri Guru Gobind Singhji Institute of Engineering and Technology,/web/20180109060816/http://www.htcampus.com/college/sggs-institute-engineering-and-technology/
7, Sri Ramakrishna Institute of Technology,/web/20180109060816/http://www.htcampus.com/college/sri-ramakrishna-institute-technology/
7," IES College of Technology, Bhopal",/web/20180109060816/http://www.htcampus.com/college/ies-college-technology-bhopal/
7," Maharashtra Academy of Naval Education & Training (MANET), Pune",/web/20180109060816/http://www.htcampus.com/college/maharashtra-academy-naval-education-training/
7," Madan Mohan Malaviya University of Technology, Gorakhpur",/web/20180109060816/http://www.htcampus.com/college/mmm-engineering-college/
7, Karnatak Law Society's Gogte Institute of Technology (GIT),/web/20180109060816/http://www.htcampus.com/college/karnatak-law-societys-gogte-institute-technology/
7, Bengal Institute of Technology & Management,/web/20180109060816/http://www.htcampus.com/college/bengal-institute-technology-and-management/
7, Bengal Institute of Technology,/web/20180109060816/http://www.htcampus.com/college/bengal-institute-technology/
7, Dwarkadas J. Sanghvi College of Engineering,/web/20180109060816/http://www.htcampus.com/college/dj-sanghvi-college-engineering/
7, RVR Institute of Engineering & Technology,/web/20180109060816/http://www.htcampus.com/college/rvr-institute-engineering-and-technology/
7," National Institute of Technology, Delhi",/web/20180109060816/http://www.htcampus.com/college/national-institute-technology-delhi/
7," Sathyabama University, Chennai",/web/20180109060816/http://www.htcampus.com/college/sathyabama-university/
7, Yeshwantrao Chavan College of Engineering,/web/20180109060816/http://www.htcampus.com/college/yeshwantrao-chavan-college-engineering/
7, Galgotias College of Engineering & Technology,/web/20180109060816/http://www.htcampus.com/college/galgotias-college-engineering-technology/
7, Malla Reddy College of Engineering & Technology,/web/20180109060816/http://www.htcampus.com/college/malla-reddy-college-engineering-and-technology/
7, Adhiyamaan College of Engineering,/web/20180109060816/http://www.htcampus.com/college/adhiyamaan-college-engineering/
7, MIT College of Engineering,/web/20180109060816/http://www.htcampus.com/college/mit-college-engineering/
7," Faculty of Technology, Dharmsinh Desai University",/web/20180109060816/http://www.htcampus.com/college/department-chemical-engineering-faculty-technology-dharmsinh-desai-university-nadiad/
7, Vel Tech Multi Tech Dr.Rangarajan Dr.Sakunthala Engineering College,/web/20180109060816/http://www.htcampus.com/college/vel-tech-multi-tech-dr-rangarajan-dr-sakunthala-engineering-college/
7, The National Institute of Engineering,/web/20180109060816/http://www.htcampus.com/college/national-institute-engineeringmysore/
7," Pimpri Chinchwad College of Engineering, Pune",/web/20180109060816/http://www.htcampus.com/college/pimpri-chinchwad-college-engineering-pune/
8," Institute of Engineering and Technology,JK Lakshmipat University,Rajasthan",/web/20180109062329/http://www.htcampus.com/college/institute-engineering-and-technology-jk-lakshmipat-university/
8, Acharya Institute of Technology,/web/20180109062329/http://www.htcampus.com/college/acharya-institute-technology/
8, Jabalpur Engineering College,/web/20180109062329/http://www.htcampus.com/college/jabalpur-engineering-college-jabalpur/
8," Government College of Engineering, Aurangabad",/web/20180109062329/http://www.htcampus.com/college/government-college-engineering-aurangabad/
8, Anand Institute Of Higher Technology,/web/20180109062329/http://www.htcampus.com/college/anand-institute-higher-technology/
8, Nitte Meenakshi Institute Of Technology,/web/20180109062329/http://www.htcampus.com/college/nitte-meenakshi-institute-technology/
8, Sree Chitra Thirunal College of Engineering,/web/20180109062329/http://www.htcampus.com/college/sree-chitra-thirunal-college-engineering/
8, JSS Academy of Technical Education,/web/20180109062329/http://www.htcampus.com/college/jss-academy-technical-education/
8," G. H. Patel College of  Engineering and Technology, Charutar Vidyamandal",/web/20180109062329/http://www.htcampus.com/college/g-h-patel-college-engineering-and-technology-charutar-vidyamandal/
8," Government College of Engineering, Amravati",/web/20180109062329/http://www.htcampus.com/college/government-college-engineering-amravati/
8, Noida Institute of Engineering and Technology,/web/20180109062329/http://www.htcampus.com/college/noida-institute-engineering-and-technology/
8," NMIMS' Mukesh Patel School of Technology Management & Engineering, Mumbai",/web/20180109062329/http://www.htcampus.com/college/mukesh-patel-school-technology-management-engineering/
8, NMAM Institute of Technology,/web/20180109062329/http://www.htcampus.com/college/nmam-institute-technology/
8, R.M.K. College of Engineering and Technology,/web/20180109062329/http://www.htcampus.com/college/rmk-college-engineering-and-technology/
8," University Institute of Chemical Engineering & Technology, Punjab University",/web/20180109062329/http://www.htcampus.com/college/university-institute-chemical-engineeringtechnology/
8, Jadavpur University,/web/20180109062329/http://www.htcampus.com/college/jadavpur-university-kolkata/
8, Pusa Institute of Technology (Formerly Polytechnic),/web/20180109062329/http://www.htcampus.com/college/pusa-polytechnic/
8, Annamalai University,/web/20180109062329/http://www.htcampus.com/college/annamalai-university/
8," Govt. Polytechnic College, Kalamassery",/web/20180109062329/http://www.htcampus.com/college/govt-polytechnic-college-kalamassery/
8," University School of Biotechnology, Guru Gobind Singh Indraprastha University",/web/20180109062329/http://www.htcampus.com/college/university-school-bio-technology-guru-gobind-singh-indraprastha-university/
8, College of Military Engineering,/web/20180109062329/http://www.htcampus.com/college/college-military-engineering-cme-pune/
8, St. Andrews Institute of Technology and Management,/web/20180109062329/http://www.htcampus.com/college/st-andrews-institute-technology-and-management/
8, Ahmedabad Institute of Technology,/web/20180109062329/http://www.htcampus.com/college/ahmedabad-institute-technology/
8, K.K. Polytechnic,/web/20180109062329/http://www.htcampus.com/college/kk-polytechnic/
8, NIIT University,/web/20180109062329/http://www.htcampus.com/college/niit-university/
8, School of Aeronautics ,/web/20180109062329/http://www.htcampus.com/college/school-aeronautics/
8, Defence Institute of Advanced Technology,/web/20180109062329/http://www.htcampus.com/college/defence-institute-advanced-technology/
8, International Maritime Institute,/web/20180109062329/http://www.htcampus.com/college/international-maritime-institute/
8, Indian Institute for Aeronautical Engineering & Information Technology,/web/20180109062329/http://www.htcampus.com/college/indian-institute-aeronautical-engineering-information-technology/
8," GITAM University, Hyderabad",/web/20180109062329/http://www.htcampus.com/college/gitam-university-hyderabad/
9," Government Polytechnic, Pune",/web/20180127022520/http://www.htcampus.com/college/government-polytechnic-pune/
9, Military College of Electronics and Mechanical Engineering (MCEME),/web/20180127022520/http://www.htcampus.com/college/military-college-electronics-and-mechanical-engineering-mceme-secunderabad/
9, Indian Statistical Institute,/web/20180127022520/http://www.htcampus.com/college/indian-statistical-institute/
9, AMET University,/web/20180127022520/http://www.htcampus.com/college/amet-university/
9, Calcutta Institute of Technology,/web/20180127022520/http://www.htcampus.com/college/calcutta-institute-technology/
9, A.P.C. Roy Polytechnic,/web/20180127022520/http://www.htcampus.com/college/pc-roy-polytechnic/
9, Aryan Institute of Technology,/web/20180127022520/http://www.htcampus.com/college/aryan-institute-technology/
9, Indian Institute of Aircraft Engineering,/web/20180127022520/http://www.htcampus.com/college/indian-institute-aircraft-engineering/
9," Hewett Polytechnic, Lucknow",/web/20180127022520/http://www.htcampus.com/college/hewett-polytechnic-lucknow/
9, Guru Tegh Bahadur Polytechnic Institute,/web/20180127022520/http://www.htcampus.com/college/guru-tegh-bahadur-polytechnic-institute/
9, Babaria Institute of Technology ,/web/20180127022520/http://www.htcampus.com/college/babaria-institute-technology/
9, Vidyalankar Institute of Technology,/web/20180127022520/http://www.htcampus.com/college/vidyalankar-institute-technology/
9," Government Polytechnic, Mumbai",/web/20180127022520/http://www.htcampus.com/college/government-polytechnic-mumbai/
9, GNA University,/web/20180127022520/http://www.htcampus.com/college/gna-university/
9, Heritage Institute Of Technology,/web/20180127022520/http://www.htcampus.com/college/heritage-institute-technology/
9," Agnel Polytechnic, Vashi",/web/20180127022520/http://www.htcampus.com/college/angel-polytechnic-vashi/
9, Dr. B.C Roy Engineering College,/web/20180127022520/http://www.htcampus.com/college/drbc-roy-engineering-college/
9, Bharath University,/web/20180127022520/http://www.htcampus.com/college/departement-electronics-and-communication-engineeringbharat-university/
9, L. D. College of Engineering,/web/20180127022520/http://www.htcampus.com/college/l-d-college-engineering/
9, Global Group of Institution (GGI),/web/20180127022520/http://www.htcampus.com/college/global-group-institutions/
9, Tezpur University,/web/20180127022520/http://www.htcampus.com/college/jorhat-engineering-college/
9," Anna University of Technology, Coimbatore",/web/20180127022520/http://www.htcampus.com/college/bangalore-technological-institute/
9," Global Institute of Technology, Jaipur",/web/20180127022520/http://www.htcampus.com/college/global-institute-technology/
9, Haldia Institute of Technology,/web/20180127022520/http://www.htcampus.com/college/haldia-institute-technology/
9, Swami Vivekananda Institute of Science and Technology,/web/20180127022520/http://www.htcampus.com/college/swami-vivekananda-institute-science-and-technology/
9, Sinhgad College of Engineering,/web/20180127022520/http://www.htcampus.com/college/sinhgad-college-engineering/
9," Sinhgad Institute of Technology , Lonavala",/web/20180127022520/http://www.htcampus.com/college/sinhgad-institute-technology-lonavala/
9," Manipal University, Jaipur",/web/20180127022520/http://www.htcampus.com/college/manipal-university-jaipur/
9," Maharaja Institute of Technology, Mysore",/web/20180127022520/http://www.htcampus.com/college/maharaja-institute-technology-mysore/
9, Priyadarshini College of Engineering,/web/20180127022520/http://www.htcampus.com/college/priyadarshini-college-engineering/
10," Agnel Polytechnic, Verna",/web/20180211233629/http://www.htcampus.com/college/agnel-polytechnicverna/
10," T.S. Rahaman, Maharashtra",/web/20180211233629/http://www.htcampus.com/college/ts-rahaman-maharashtra/
10, Digamber Jain Polytechnic,/web/20180211233629/http://www.htcampus.com/college/digamber-jain-polytechnic/
10, Techno India Salt lake,/web/20180211233629/http://www.htcampus.com/college/techno-india-salt-lake/
10, HKBK College of Engineering,/web/20180211233629/http://www.htcampus.com/college/hkbk-college-engineering/
10, Thadomal Shahani Engineering College,/web/20180211233629/http://www.htcampus.com/college/thadomal-shahani-engineering-college/
10, Integral University,/web/20180211233629/http://www.htcampus.com/college/integral-university/
10, Shivalik College of Engineering,/web/20180211233629/http://www.htcampus.com/college/shivalik-college-engineering/
10, Samalkha group of Institutions,/web/20180211233629/http://www.htcampus.com/college/samalkha-group-institutions/
10, C.V.S.R. College of Engineering,/web/20180211233629/http://www.htcampus.com/college/cvsr-college-engineering/
10, Dev Bhoomi Institute of Technology,/web/20180211233629/http://www.htcampus.com/college/dev-bhoomi-institute-technology/
10," Kalaniketan Polytechnic College, Jabalpur",/web/20180211233629/http://www.htcampus.com/college/kalaniketan-polytechnic-college-jabalpur/
10, Panipat Institute of Engineering & Technology,/web/20180211233629/http://www.htcampus.com/college/panipat-institute-engineering-technology/
10, VNR Vignana Jyothi Institute Of Engineering and Technology,/web/20180211233629/http://www.htcampus.com/college/vnr-vignana-jyothi-institute-engineering-and-technology/
10, Aryabhatt Polytechnic  ,/web/20180211233629/http://www.htcampus.com/college/aryabhatt-polytechnic/
10, R.N.S Institute of Technology,/web/20180211233629/http://www.htcampus.com/college/rns-institute-technology/
10, M.C.K.V. Institute Of Engineering,/web/20180211233629/http://www.htcampus.com/college/mckvinstitute-engineering/
10," Birla Institute of Technology Extension Centre, Deoghar",/web/20180211233629/http://www.htcampus.com/college/bit-mesra-extension-center-deoghar/
10," S.V. Government Polytechnic, Tirupathi ",/web/20180211233629/http://www.htcampus.com/college/sv-government-polytechnic-tirupathi/
10, Institute Of Aeronautical And Marine Engineering,/web/20180211233629/http://www.htcampus.com/college/institute-aeronautical-and-marine-engineering/
10," Chandigarh Group of Colleges (CGC)-Jhanjeri, Chandigarh",/web/20180211233629/http://www.htcampus.com/college/chandigarh-engineering-college/
10, JDT Islam Polytechnic College,/web/20180211233629/http://www.htcampus.com/college/jdt-islam-polytechnic-college/
10, Jalpaiguri Polytechnic Institute,/web/20180211233629/http://www.htcampus.com/college/jalpaiguri-polytechnic-institute/
10, Mahatma Gandhi University,/web/20180211233629/http://www.htcampus.com/college/mahatma-gandhi-university/
10," Govt. Polytechnic College, Shahdol",/web/20180211233629/http://www.htcampus.com/college/govt-polytechnic-college-shahdol/
10, Lucknow Polytechnic Lucknow,/web/20180211233629/http://www.htcampus.com/college/lucknow-polytechnic-lucknow/
10, Gokaraju Rangaraju Institute of Engineering and Technology,/web/20180211233629/http://www.htcampus.com/college/gokaraju-rangaraju-institute-engineering-and-technology/
10, North Calcutta Polytechnic,/web/20180211233629/http://www.htcampus.com/college/north-calcutta-polytechnic/
10," Sha-Shib College of Technology, Bhopal",/web/20180211233629/http://www.htcampus.com/college/sha-shib-college-technologybhopal/
10," LNCT Group of Colleges - College of Technology, Bhopal",/web/20180211233629/http://www.htcampus.com/college/lakshmi-narain-college-technology-bhopal/
